bishnupriya_manipuri,bengali
অউরি,হই
অ,হও
অর,হয়
অর,হন
অউরি,হচ্ছি
অর,হচ্ছে
অইলু,হলাম
অইলে,হলে
অইল,হলো
অইলু,হয়েছি
অইল,হয়েছে
অসিল,হয়েছিল
অইতৌ,হব
অইতৈ,হবে
অইতে,হতে
অয়া,হয়ে
অনার,হওয়ার
অইতয়,হতো
অইলৈস,হত
করৌরি,করি
করর,করো
করের,করে
করের,করেন
করৌরি,করছি
করের,করছে
করলু,করলাম
করলে,করলে
করল,করল
করেবেল্লু,করেছি
করেসে,করেছে
করেসিল,করেছিল
করতৌ,করব
করতেই,করবে
করতেগা,করতে
করানির,করার
করলু অইস,করতাম
করল অইষ,করত
যাংগা,যাই
যাগা,যাও
যারগা,যায়
যেইরিগা,যায় (স্ত্রীবাচক)
যারগা,যান
গেলুগা,গেলাম
গেলগা,গেল
গেসিলু,গেছি
গেলগা,গেছে
গিয়াসিলগা,গিয়েছিল
যিতৌগা,যাব
যিতৈগা,যাবে
যিতেগা,যেতে
গিয়া,গিয়ে
গেলুগা অইস,যেতাম
আহুরি,আসি
আয়,আসো
আহের,আসে
আহেই,আসেন
আহুরি,আসছি
আহিল,আসছে
আইলু,এলাম
আইল,এল
আহিলু,এসেছি
আহেসিল,এসেছিল
আহিতৌ,আসব
আহিতৈ,আসবে
আহিতে,আসতে
আহিয়া,এসে
আহিলু অইস,আসতাম
মাতুরি,বলি
মাত,বলো
মাতের,বলে
মাতের,বলেন
মাতুরি,বলছি
মাতের,বলছে
মাতলু,বললাম
মাতল,বলল
মাতলু,বলেছি
মাতল,বলেছে
মাতেসিল,বলেছিল
মাততৌ,বলব
মাততৈ,বলবে
মাততে,বলতে
মাতলু অইস,বলতাম
চাওরি,দেখি
চা,দেখো
চেয়া,দেখে
চার,দেখেন
চাওরি,দেখছি
চার,দেখছে
চেইলু,দেখলাম
চেইল,দেখল
চেইলাং,দেখেছি
চেইলা,দেখেছে
চেইতৌ,দেখব
চেইতে,দেখতে
চেইলু অইস,দেখতাম
দেউরি,দিই
দে,দাও
দের,দেয়
দিক,দেন
দেউরি,দিচ্ছি
দরে,দিচ্ছে
দিলু,দিলাম
দিল,দিল
দিলু,দিয়েছি
দিল,দিয়েছে
দিতৌ,দেব
দিতৈ,দেবে
দিতে,দিতে
দিয়া,দিয়ে
দিলু অইস,দিতাম
নেউরিগা,নিই
নেগা,নাও
নেরগা,নেয়
নিকগা,নেন
নেউরিগা,নিচ্ছি
নেরগা,নিচ্ছে
নিলুগা,নিলাম
নিলগা,নিল
নিলুগা,নিয়েছি
নিলগা,নিয়েছে
নিতৌগা,নেব
নিতৌগা,নেবে
নিতেগা,নিতে
নিয়া,নিয়ে
নিলুগা অইস,নিতাম
থাউরি,থাকি
থাক,থাকো
থার,থাকে
থাইক,থাকেন
থাইলু,থাকছি
থাইল,থাকছে
থাইলাং,থাকলাম
থাইলা,থাকল
থাইলাং,থেকেছি
থাইলা,থেকেছে
থাইতৌ,থাকব
থাইতাই,থাকবে
থাইতে,থাকতে
থায়,থেকে
থাইলু অইস,থাকতাম
খাউরি,খাই
খার,খাও
খার,খায়
খার,খান
থাইলু অইস,খাচ্ছি
খার,খাচ্ছে
খার,খেলাম
খার,খেল
খার,খেয়েছি
খার,খেয়েছে
খাউরিতৌ,খাব
খার,খাবে
খার,খেতে
খার,খেয়ে
খার,খেতাম
পাওরি,পাই
পার,পাও
পার,পায়
পার,পান
খার,পাচ্ছি
পার,পাচ্ছে
পার,পেলাম
পার,পেল
পার,পেয়েছি
পার,পেয়েছে
পাওরিতৌ,পাব
পার,পাবে
পার,পেতে
পার,পেয়ে
পার,পেতাম
থউরি,রাখি
থর,রাখো
থর,রাখে
থর,রাখেন
পার,রাখছি
থর,রাখছে
থউরিইলু,রাখলাম
থউরিইল,রাখল
থর,রেখেছি
থর,রেখেছে
থউরিতৌ,রাখব
থর,রাখবে
থর,রাখতে
থর,রেখে
থউরিইলু অইস,রাখতাম
বহুরি,বসি
বহ,বসো
বহের,বসে
বহের,বসেন
বহুরি,বসছি
বহের,বসছে
বহইলু,বসলাম
বহইল,বসল
বহের,বসেছি
বহের,বসেছে
বহতৌ,বসব
বহের,বসবে
বহের,বসতে
বহইলু অইস,বসতাম
উবা ইলু,দাঁড়াই
উবা অ,দাঁড়াও
উবা অর,দাঁড়ায়
উবা অর,দাঁড়ান
উবা ইলু,দাঁড়াচ্ছি
উবা অর,দাঁড়াচ্ছে
উবা অইলু,দাঁড়ালাম
উবা অইল,দাঁড়াল
উবা অর,দাঁড়িয়েছি
উবা অর,দাঁড়িয়েছে
উবা অতৌ,দাঁড়াব
উবা অর,দাঁড়াবে
উবা অর,দাঁড়াতে
উবা অর,দাঁড়িয়ে
হারপাউরি,জানি
হারপা,জানো
হারপার,জানে
হারপার,জানেন
হারপাউরি,জানছি
হারপাইলু,জানলাম
হারপার,জেনেছি
হারপার,জেনেছে
হারপাতৌ,জানব
হারপার,জানবে
হারপার,জানতে
হারপার,জেনে
হারপাইলু অইস,জানতাম
হুনুরি,শুনি
হুন,শোনো
হুনের,শোনে
হুনের,শোনেন
হুনুরি,শুনছি
হুনইলু,শুনলাম
হুনের,শুনেছি
হুনের,শুনেছে
হুনতৌ,শুনব
হুনের,শুনবে
হুনের,শুনতে
হুনের,শুনে
হুনইলু অইস,শুনতাম
পাকরৌরি,পড়ি
পাকর,পড়ো
পাকরের,পড়ে
পাকরের,পড়েন
পাকরৌরি,পড়ছি
পাকরইলু,পড়লাম
পাকরের,পড়েছি
পাকরের,পড়েছে
পাকরতৌ,পড়ব
পাকরের,পড়বে
পাকরের,পড়তে
পাকরইলু অইস,পড়তাম
ইকরৌরি,লিখি
ইকর,লেখো
ইকরের,লেখে
ইকরের,লেখেন
ইকরৌরি,লিখছি
ইকরইলু,লিখলাম
ইকরের,লিখেছি
ইকরের,লিখেছে
ইকরতৌ,লিখব
ইকরের,লিখবে
ইকরের,লিখতে
ইকরের,লিখে
ইকরইলু অইস,লিখতাম
চাউরি,চাই
চা,চাও
চার,চায়
চার,চান
চাউরি,চাইছি
চাইলু,চাইলাম
চার,চেয়েছি
চার,চেয়েছে
চাতৌ,চাইব
চার,চাইবে
চার,চাইতে
চার,চেয়ে
চাইলু অইস,চাইতাম
লাগুরি,লাগি
লাগের,লাগে
লাগের,লাগছে
লাগিল,লাগল
লাগিল,লেগেছে
লাগিল,লাগবে
লাগিল,লাগতে
লাগিল,লেগে
লাগিল,লাগত
তামকরৌরি,শিখি
তামকর,শেখো
তামকর,শেখে
লাগিল,শিখছি
তামকরৌরিইলু,শিখলাম
তামকর,শিখেছি
তামকরৌরিতৌ,শিখব
তামকর,শিখতে
তামকর,শিখে
হারপাউরি,বুঝি
হারপা,বোঝো
হারপার,বোঝে
হারপাউরি,বুঝছি
হারপাইলু,বুঝলাম
হারপার,বুঝেছি
হারপাতৌ,বুঝব
হারপার,বুঝতে
হারপার,বুঝে
খালকরৌরি,ভাবি
খালকর,ভাবো
খালকরের,ভাবে
খালকরৌরি,ভাবছি
খালকরইলু,ভাবলাম
খালকরের,ভেবেছি
খালকরতৌ,ভাবব
খালকরের,ভাবতে
খালকরের,ভেবে
হাতুরি,চলি
হাৎ,চলো
হাতের,চলে
হাতুরি,চলছি
হাৎইলু,চললাম
হাতের,চলেছি
হাৎতৌ,চলব
হাতের,চলতে
উঠুরি,উঠি
উঠ,ওঠো
উঠের,ওঠে
উঠুরি,উঠছি
উঠইলু,উঠলাম
উঠের,উঠেছি
উঠতৌ,উঠব
উঠের,উঠতে
উঠের,উঠে
লামৌরি,নামি
লাম,নামো
লামের,নামে
লামৌরি,নামছি
লামইলু,নামলাম
লামের,নেমেছি
লামতৌ,নামব
লামের,নামতে
লামের,নেমে
দরুরি,ধরি
দর,ধরো
দরের,ধরে
দরুরি,ধরছি
দরইলু,ধরলাম
দরের,ধরেছি
দরতৌ,ধরব
দরের,ধরতে
এরাদেউরি,ছাড়ি
এরাদে,ছাড়ো
এরাদের,ছাড়ে
এরাদেউরি,ছাড়ছি
এরাদেইলু,ছাড়লাম
এরাদের,ছেড়েছি
এরাদেতৌ,ছাড়ব
এরাদের,ছাড়তে
এরাদের,ছেড়ে
আনুরি,আনি
আন,আনো
আনের,আনে
আনুরি,আনছি
আনইলু,আনলাম
আনের,এনেছি
আনতৌ,আনব
আনের,আনতে
আনের,এনে
দিয়াবেঠুরি,পাঠাই
দিয়াবেঠা,পাঠাও
দিয়াবেঠার,পাঠায়
দিয়াবেঠুরি,পাঠাচ্ছি
দিয়াবেঠাইলু,পাঠালাম
দিয়াবেঠার,পাঠিয়েছি
দিয়াবেঠাতৌ,পাঠাব
দিয়াবেঠার,পাঠাতে
দিয়াবেঠার,পাঠিয়ে
আংকরৌরি,খুলি
আংকর,খোলো
আংকরের,খোলে
আংকরৌরি,খুলছি
আংকরইলু,খুললাম
আংকরের,খুলেছি
আংকরতৌ,খুলব
আংকরের,খুলতে
আংকরের,খুলে
জিপাউরি,বন্ধ করি
জিপা,বন্ধ করো
জিপার,বন্ধ করে
জিপাউরি,বন্ধ করছি
জিপাইলু,বন্ধ করলাম
জিপার,বন্ধ করেছি
জিপাতৌ,বন্ধ করব
আহুরি,হাসি
আহো,হাসো
আহের,হাসে
আহুরি,হাসছি
আহোইলু,হাসলাম
আহের,হেসেছি
আহোতৌ,হাসব
আহের,হাসতে
আহের,হেসে
কাদুরি,কাঁদি
কাদ,কাঁদো
কাদের,কাঁদে
কাদুরি,কাঁদছি
কাদইলু,কাঁদলাম
কাদের,কেঁদেছি
কাদতৌ,কাঁদব
কাদের,কাঁদতে
কাদের,কেঁদে
খেলুরি,খেলি
খেলা,খেলো
খেলার,খেলে
খেলার,খেলছি
খেলার,খেললাম
খেলার,খেলেছি
খেলার,খেলব
খেলার,খেলতে
জিঙুরি,জিতি
জিঙ,জেতো
জিঙের,জেতে
জিঙের,জিতেছি
জিঙতৌ,জিতব
জিঙের,জিততে
জিঙের,জিতে
হারলু,হারি
হার,হারো
হারের,হারে
হারের,হেরেছি
হারতৌ,হারব
হারের,হারতে
হারের,হেরে
পিদুরি,পরি
পিদ,পরে
পিদের,পরেছি
পিদের,পরবে
পিদের,পরতে
হঙকরৌরি,বানাই
হঙকর,বানাও
হঙকরের,বানায়
হঙকরের,বানিয়েছি
হঙকরতৌ,বানাব
হঙকরের,বানাতে
হঙকরের,বানিয়ে
বাগুরি,ভাঙি
বাগ,ভাঙো
বাগের,ভাঙে
বাগের,ভেঙেছি
বাগতৌ,ভাঙব
বাগের,ভাঙতে
বাগের,ভেঙে
হামউরি,ঢুকি
হমা,ঢোকো
হামার,ঢোকে
হামার,ঢুকেছি
হমাতৌ,ঢুকব
হামার,ঢুকতে
হামার,ঢুকে
নিকুলুরি,বেরই
নিকুল,বেরও
নিকুলের,বেরোয়
নিকুলের,বেরিয়েছি
নিকুলের,বেরোব
নিকুলের,বেরোতে
নিকুলের,বেরিয়ে
তুলুরি,তুলি
তুল,তোলো
তুলের,তুলে
তুলের,তুলেছি
তুলতৌ,তুলব
তুলের,তুলতে
লামাউরি,নামাই
লামা,নামাও
লামার,নামায়
লামার,নামিয়েছি
লামাতৌ,নামাব
লামার,নামাতে
লামার,নামিয়ে
হজাক অউরি,জাগি
হজাক অ,জাগো
হাজক অর,জাগে
হাজক অর,জেগেছি
হজাক অতৌ,জাগব
হাজক অর,জাগতে
হাজক অর,জেগে
গুনজাউরি,ঘুমাই
গুনজা,ঘুমাও
গুনজার,ঘুমায়
গুনজার,ঘুমিয়েছি
গুনজাতৌ,ঘুমাব
গুনজার,ঘুমাতে
গুনজার,ঘুমিয়ে
জিংতা অউরি,বাঁচি
জিংতা অ,বাঁচো
জিংতা অর,বাঁচে
জিংতা অর,বেঁচেছি
জিংতা অতৌ,বাঁচব
জিংতা অর,বাঁচতে
জিংতা অর,বেঁচে
মরুরি,মরি
মর,মরো
মরের,মরে
মরের,মরেছি
মরতৌ,মরব
মরের,মরতে
লউরি,কিনি
ল,কিনো
লর,কেনে
লর,কিনেছি
লতৌ,কিনব
লর,কিনতে
লর,কিনে
মি,আমি
আমি,আমরা
তি,তুমি
তুমি,তোমরা
তা,সে (পুরুষ)
তেই,সে (স্ত্রী)
ওহান,এটা
তানু,তারা
মোর,আমার
আমার,আমাদের
তোর,তোমার
তুমার,তোমাদের
তার,তার (পুরুষ)
তেইর,তার (স্ত্রী)
তানুর,তাদের
মোরে,আমাকে
আমারে,আমাদেরকে
তোরে,তোমাকে
তুমারে,তোমাদেরকে
তারে,তাকে (পুরুষ)
তেইরে,তাকে (স্ত্রী)
তানুরে,তাদেরকে
যানা,যাওয়া
আতানি,হাঁটা
দাবদানি,দৌড়ানো
বহানি,বসা
ওনা,হওয়া
কোরানি,করা
তামকোরানি,পড়া
নিংকোরানি,ভাবা
লেখানি,লেখা
মাংকোরানি,হারানো
হুনানি,শুনা
দেহানি,দেখা
ফোরদানি,উড়া
খানা,খাওয়া
পিনা,পান করা
এলাদেনা,গান করা
খেলানি,খেলা
আহানি,আসা
হিনানি,গোসল করা
বাসানি,অপেক্ষা করা
মাতানি,বলা
বেসানি,বিক্রি করা
আনানি,আনা
না,না
হাই,হ্যাঁ
চুমিসে,ঠিক আছে
স্বাগতোম,স্বাগতম
বিদাই,বিদায়
আর্তাউ,আরো
হবা,ভালো
হবানেই,মন্দ
কাদা,কাছে
দুরেই,দূরে
দাঙর,বড়
হুরুকাং,ছোট
তোপতা,গরম
ইং,ঠান্ডা
চুনা,সুন্দর
সাকতি,বিশ্রী
নুওয়া,নতুন
পুরানা,পুরনো
এক,এক
দুই,দুই
তিন,তিন
চাইর,চার
পাস,পাঁচ
সয়,ছয়
সাত,সাত
আট,আট
নয়,নয়
দস,দশ
এগারো,এগারো
বারো,বারো
তেরো,তেরো
চৌদ্দ,চোদ্দো
পোন্দোরো,পনেরো
ষোল্লো,ষোলো
সতোরো,সতেরো
আঠারো,আঠারো
উন্নিশ,উনিশ
আক্কুরি,বিশ
দিক্কুরি,চল্লিশ
য়াঙখেই,পঞ্চাশ
তিনকুরি,ষাট
চারিকুরি,আশি
আহৌ,একশত
দিহৌ,দুইশত
পাসহৌ,পাঁচশত
লিশিং আহান,এক হাজার
দশ লিশিং,দশ হাজার
লাখ আহান,এক লাখ
কুটি আহান,এক কোটি
কিসারে কিতা,কেমন আছেন
কিমে কিসাদে,কেমন আছেন
বলি ইসত,কেমন আছেন
বলি ইয়া আসু,ভালো আছি
মি বলি ইয়া আসু,আমি ভালো আছি
মি পাহুরেবেল্লু,আমি ভুলে গেছি
থাকাত,ধন্যবাদ
তোর নাঙহান কিহান,তোমার নাম কী
তোর কি নাঙ,তোমার নাম কী
মোর নাঙ অসীম,আমার নাম অসীম
বিয়ানহান ফুইল,ভোর হয়েছে
মি হারপাসু,আমি জানি
মি হারনাপাসু,আমি জানি না
মি তোরে বানা পাউরি,আমি তোমাকে ভালোবাসি
মোরে না পাহুরিস,আমাকে ভুলো না
এহান্দে আহিক,এখানে এসো (বিনয়ের সাথে)
এহান্দে আই,এখানে এসো
ওহান্দে যাগা,ওখানে যাও
আমি যারাংগা,আমরা যাচ্ছি
তুমি যিতাওগা,তুমি যাবে
তি কুরাং থারগো,তুমি কোথায় থাকো
মি এবাকা গরে যিতৌগা,আমি এখন বাড়ি যাব
পৌ এহান চালাক্ক দিয়াবেঠা,এই সংবাদটি তাড়াতাড়ি পাঠাও
তা মোর মারুপগো,সে আমার বন্ধু
তর মেইথঙহান জবরে চুনা,তোমার চেহারা ভারি সুন্দর
তি মর লগে আহরগো,তুমি কি আমার সঙ্গে যাবে
তি ইমার ঠার জানরগো,তুমি কি বিষ্ণুপ্রিয়া মণিপুরী ভাষা জান
রবীন্দ্রনাথর ইকরা মরতা হবা লাগের,রবীন্দ্রনাথের লেখা আমার খুব ভাল লাগে
হবা লাগিল,ভাল লাগল
নিয়াম হবা লাগিল,খুব ভাল লাগল
উবাঅনি,দাঁড়ানো
উবাঅয়া থাক,দাঁড়িয়ে থাক
উবা অয়া,দাঁড়িয়ে
উবা অ,দাঁড়াও
উবাঅনি,দাঁড়ানো
গুজুরানি,বলা
মাতানি,বলা
মাত,বল
মাতলে,বলেছ
মাতেসিলে,বলেছিলে
মাতেসিল,বলেছিলেন
মাতেসে,বলেছে
মাতেসে,বলেছেন
মাতল,বলল
মাতুরি,বলি
মাততৌ,বলবো
মাতরাং,বলছি
আলথক অনা,ফেরা
হঙকরানি,তৈরি করা
হঙকরের,তৈরি করে
হঙকরৌরি,তৈরি করি
হঙকরেসিল,তৈরি করেছিল
হঙকরানি অসিল,তৈরি হয়েছিল
হঙকর,তৈরি কর
হঙকরতৌ,তৈরি করব
হঙকরতৈ,তৈরি করবে
বুলানি,বেড়ানো
নুংশি,সুগন্ধ
মুঙ,পূর্ব
পিছ,পশ্চিম
অওয়াঙ,উত্তর
খা,দক্ষিণ
গস,উপর
তল,নিচ
নুঙেইপা ফাল্গুন,সুখের ফাল্গুন
দেবব্রত সিংহ,কুঞ্জবনে সুগন্ধী ফুল
কুঞ্জবনে নুংশিপা ফুল,কী সুন্দর চাঁপা ফুল
কতি হবা লেহাউর ফুল,ফুল তুলে নাও তুলে নাও সই
ফুল ছিড় ছিড় ছিড় হমাজি,ভয় নেই কারোর আজ
না ডরেয়ার কারৌ আজি,আসছে সই আসছে ফাগুন
আহের হমাজি আহের ফাল্গুনহান,সুখময় শান্তিময় আনন্দময় দিন
নুঙেই নুংশি হারৌর দিনহান,কুহু কুহু স্বরে ডাকবে কোকিল
কুহু কুহু কোকিল রহিতাই,আমাদের ঘুমাতে দেবে না দিন-রাত
রাতিয়ে দিনে ঘুমানি নাদতাই,খেলব ফাগু মিলব সবাই
খেলতাঙাই ফাগু মিলতাঙাই হাবি,আবীর মাখার আনন্দে সদাই
আবির গছতাঙাই হাবিয়ে আজি,হেসে খেলে যাবে যে দিন
আহিয়া খেলিয়া যিতইগা দিন,তারপর আসবে যে কষ্টের দিন
আহিতই হমাজি হিনপানির দিন,এভাবেই একদিন চলে যাবে ফাল্গুন
এসাদে করিয়া যিতইগা ফাল্গুন,আবার বছর ঘুরে আসবে সুখের ফাল্গুন
আহিতই মুঙেদে নুঙেইপা ফাল্গুন,কত দূরে
কতি দূরেইৎ,আজ চললাম আমি প্রেয়সী
আজি সালইলু মি নুংশিপি,না, তোমার উদ্দেশে নয়
না, তোরে বিসারেয়া নাবে,এই জীবনের অন্য এক
জনম এহার বারো আরাক,পথের সন্ধানে
পথ আহান বিসারাৎ,যেখানে থাকবে না
যেহাৎ নেইতই খৌরাঙর অবসাদ,আকাঙ্খার অবসাদ
যেহাৎ নেইতই খেয়োনির বিষাদ,যেখানে থাকবে না বিচ্ছেদের বিষাদ
যেহাৎ নেইতই বিদায় বিরহ যন্ত্রণা,যেখানে থাকবে না বিদায় বিরহ যন্ত্রণা
যেহাৎ প্রেমপূজারির আত্মাগ,যেখানে প্রেমপূজারির আত্মা
মুক্ত প্রেমর হারৌয়ে,মুক্ত প্রেমের আনন্দে
বাহিয়া যারগা অহাৎ,ভেসে যায় সেখানে
আজি যে পথহান ধরেছু নুংশিপি,আজও  যে পথে হেঁটে চলেছি প্রিয়তমা
এপাগাউ সিতকরের নিরাশার বৌ আহান,সেখানে বইছে নিরাশার বাতাস
না, মাতে নুয়ারৌরি,না, বলতে পারছি না
চিন্তার খুয়ায় বেড়িয়া থুয়াছে,চিন্তার কুয়াশা আচ্ছন্ন করে রেখেছে
দৃষ্টির দিগন্তৎ দেখুরি ঝাপসা করে,দৃষ্টির দিগন্তে ঝাপসা করে দেখি
পথ অহান কতি দূরেই,সেই পথ কত দূরে!
তেবো মি সালুইছু,তবু আমি চলেছি
বারো মুঙেদে,আবারও সামনে
দেখুরি ঝাপসা করে,দেখছি ঝাপসা করে
মাতে নুয়ারৌরি,বলতে পারছি না
পথ এহান কতি দূরেই,সেই পথ কত দূরে
খেলতামর খিল্লাগ,সময়ের চাকা
খেলতামর খিল্লাগ এবাকা হাংকা,সময়ের চাকা যখন তখন
কুম্বাকা সরাহানর সাদে,পাহাড়ি ছড়ার মতো
সমুদ্রুহান পেইং পুংনিঙে সালসে,সাগরের সাথে মিলনের আশায় ছুটে চলেছে
হারনেই তার নিংপা মহাকালর,জানি না তার প্রিয় মহাকালের
লাক-খুসনেই চেম্ফুগ তালকরে,আদি-অন্তহীন গহবরের উদ্দেশে
তি মি এ দ্বগি লালফামর ফামে,তুমি আমি দু’জন যুদ্ধক্ষেত্রে
ফৌদাম নেই কাফামে,নিষ্ফলা উদ্দেশ্যে
কিয়াকা কাকালি বাধিয়া মজেসি,কেন কোমর বেঁধে নেমেছি?
কামে থইদকপা কিত্তাউ নেইলে ফিজেত পাজালানি,কিছুই করার না থাকলে কাপড় গোছগাছ করা ভালো
নাপালে চেকচিল জিপা আহিগি,,অহংকার ভরা বন্ধ চোখ দুটি-
চা নারের,দেখতে পায় না
খেলতামর করপেকহানাৎ আউপা লিচেতে,সময়ের পান্ডুলিপির সত্যিকার নিয়মে
কালা না রাঙা কালি পড়েসেতা,কালো নাকি লাল রঙ লেপ্টে আছে
সরার পানি কল্পুক ইথাক তুলিয়া,ছড়ার ফেনিল পানি ঢেউ তুলে
মিকুপ মিকুপ খেলতাম যারগা,,সময়ের হাত ধরে বয়ে চলে
যিতইগা মহাসিন্ধু বারো মহাকালর বুকগৎ যৌয়নিৎ,মহাসিন্ধু আর মহাকালের বুকে আশ্রয় নিতে
নুংপাং মাঙয়া ইংচিক অইতাঙাই সইনেই,অবাক বিস্ময়ে নিস্তব্ধ নীরব হয়ে যাব
রাতি নঙেইর মইপঙর রৌয়ে,গভীর রাতের শঙ্খধ্বনিতে
থাংতে কিহান করানি এবাকাউ,কাজেই এখন কী করতে হবে
থকসে খালকরানি,ভাবা উচিৎ
চৈত মাহার বিয়ানকার রোদগর,চৈত্রে সকালবেলার রোদের
তপ্তা ফাপগৎ হিনা হিনা,উত্তাপ গায়ে মেখে মেখে
তেই সালুইসে মুঙেদে,সে এগোচ্ছে সামনে
মারুপর লগে,বান্ধবীদের সাথে
ইনাফিহার চুটিগ সেচারার মাটিহাৎ,ইনাফির আঁচল গড়াগড়ি খাচ্ছে মাটিতে
বাতেদের আতহান গজেদে হেইকরে,ডানহাত উপরের দিকে ছুঁড়ে ছুঁড়ে
খুমকরিরি শ্লোগানহান,শ্লোগান ধরছে
ইমার ঠারর স্বীকৃতি দেনা লাগতই,মাতৃভাষার স্বীকৃতি দিতে হবে
খাংদা লম্বেইর গুলি আগ,হঠাৎ একটা গুলি
তেইর গারিগ লিতয়া গেলগা,তার হেহটাকে করে দিল এফোঁড় ওফোঁড়
রকতর গোলাহাৎ বাহিল তেইর গারিগ,রক্তগঙ্গা বয়ে গেল তার সারা দেহে
তাপ তাপ্প রকত অতা,ধীরে ধীরে সেই রক্ত
মেয়েক অলিয়া হংকরলা,অক্ষর হয়ে তৈরি করল
কথার ফুলদান আহান,একটি কথামালা
‘ইমার ঠার পুঞ্চি পালক’,‘মাতৃভাষা অমর হোক’
ফুলর শপা আহান উঠিসে,একটা ফুলগাছ বেড়ে উঠেছে
তেইর শ্মশানহাৎ,তার শ্মশানে
না, কাবকলেই উটংলেই নাবেরাঙা,না, গন্ধরাজ করবী নয়-
অটফুল শপাহান,একটি রক্তজবা গাছ
দেহানির জ্বালা,দেখার জ্বালা
মি দেহেছু ওটির টেবিলে,আমি দেখেছি ওটির টেবিলে
নুয়ারার নিকদানি,রোগীদের কাঁপুনি
আর হুনেছু বলির আগে,আর শুনেছি বলির আগে
মরা পশুর কাদানি,পশুদের আর্তনাদ
মি দেহেছু লেম্পা খাওন,আমি দেখেছি বেঁচে যাওয়া খাবার
হেলাফেলায় আলিতে,অবলীলায় ফেলে দিতে
আর দেহেছু ডাস্টবিনেত্ত,আর দেখেছি ডাস্টবিন থেকে
হেনুর-আঠি লেহিতে,আমের আঁটি চুষতে
মি হুনেছু, গরমে এসির কাজে,আমি শুনেছি গরমে এসির জন্য
হায় হুতাশ করতে,হা হুতাশ করতে
আর দেহেছু মাঘর জারে,আর দেখেছি মাঘের তীব্র শীতে
ককারা ইয়া মরতে,কুকড়ে যাওয়া শরীর
মোর পোড়া আহিত দেহেছু,আমার পোড়া চোখে দেখেছি
ইজ্জত বেছানির হক পয়সার কাজে,ইজ্জত বিμির হক টাকার জন্য
খদ্দেরর লগে কৌলি করতে,খদ্দেরের সাথে ঝগড়া করতে
আর দেহেছু ঘুষ দিতেগা,আমি দেখেছি ঘুষ দিতে গিয়ে
নিজ ভিটাগ বেছতে,নিজের ভিটাবাড়ি বেচতে
নাঙুইছু, বরনে উরিয়া,অভিজ্ঞতা হয়েছে পানি চুইয়ে পড়ে
কত রাতি না ঘুমিতে,কত রাত নিদ্রাহীন থাকতে
মি দেহেছু ঘুষর রুপাল,আমি দেখেছি ঘুষের টাকায়
প্রাসাদ হংকরতে,অট্টালিকা বানাতে
নাঙুইছু শত ডলারে রাতি আহাত,দেখেছি এক রাতে শত ডলার খরচ করে
হোটেল শেরাটনে ঘুমিতে,হোটেল শেরাটনে ঘুমাতে
মি দেহেছু ধলাইর পানি,আমি দেখেছি ধলাই নদীর পানি
তুলিয়া হাজম পিতে,আঁজলা ভরে পান করতে
দেহেছু এ লেইরা দেশেউ,দেখেছি এ গরিব দেশেও
বিদেশর পানি পিতে,বিদেশের পানি খেতে
আরতা কিত্তাউ দেহানি নাহের,আর কিছু দেখতে চায় না
মোর এ আহিগিত,আমার এ দুটি চোখ
ঘুম দে প্রভু,ঘুম দাও প্রভু
চিরশান্তির ঘুম,চিরশান্তির ঘুম
মি যেহান না লিখিসু,আমি যা লিখিনি
হাকহার জোনাক তারা,আকাশের চাঁদ তারা
বারো বেলিগর রঙহান,আর সূর্যের রঙ
পৃথিবী এহান হঙনির পিসেত্ত আজি পেয়া,পৃথিবীর জন্ম থেকে আজ পর্যন্ত
হাবি কবিয়ে এতানো কবিতা লিখতারা,সব কবিই লিখে গেল কবিতায়
নানান উপমা য়ৌকরিয়া,নানা উপমা সংযুক্ত করে
কুংগৌ কিতা পারিসিলাতা,কেউ কি পেরেছিল
অরে জোনাক,ঐ চাঁদ
তারা বারো বেলিগর মিঙালহার সাদে,তারা কিংবা সূর্যের মতো
তাঙর কবিতা অতা ঙালকরানি?,উজ্জ্বল করতে নিজের কবিতা?
পৃথিবী এহান হঙিতেত্ত আজি পেয়া,পৃথিবীর জন্ম থেকে আজ অবধি
যতহান কাব্য লেঙুইসে,যত কাব্য রচিত হয়েছে
অতা হাবি সুপকরিয়াউ পারতাইতা,সেসব মিলেও কি পারবে
হাক এহানরে মিঙালে বাহুয়াদেনা?,আকাশটা আলোয় ভরিয়ে দিতে?
যে ডাঙরিয়া শক্তিহানে,যে মহান শক্তি
হাকহানর কাব্যহান লেংকরিসে,আকাশের কাব্য লিখেছে
মি নাচিনিসু তারে,চিনি নাই তাকে,
মেয়েক অতা আসে আরুপি ঠার আহাননো,অক্ষর আছে রহস্যের ভাষা নিয়ে
যেপাগা চিনে পারতৌ,যখন চিনতে পারব
মেয়েক চিনে চিনে,অক্ষর চিনে চিনে
যদি মি থাউরি,যদি আমি থাকতে পারি
মহাসত্যর মাঝে,মহাসত্যের মাঝে,
অহানই ইতইতা মোর আউপা কবিতাহান,তা-ই হবে আমার প্রকৃত কবিতা
যেহান মি কুনোদিন না লিখিসু,যা আমি কোনোদিন লিখিনি জীবনে
আজি খাংদা,আজ হঠাৎ
ডরুয়া আহির ঔ চানাহান,ভীরু চোখের ওই চাহনি
মোর হারদিনকার চিনা,আমার প্রতিদিনকার চেনা
গারিগর গঠন গাঠনেউ,তোমার শরীরী বিভঙ্গ
বিভুলা করের মোরে,উতলা করেছে আমায়
আজিকা আহিসৎ,এসেছ আজ
ফুলুরা কালা দুরদুরা,গোলপি আর কালো রঙের ডোরাকাটা
চাকচাবি বারো মণিপুরর ইনাফি গারে বেড়িয়া,চাকচাবি আর মণিপুরের ইনাফি পরে
জুড়াগর চুলর গতগ,তোমার খোঁপার চুলের গন্ধ
মাতালগ করের মোরে,মাতাল করে আমাকে,
খালকরৌরি তাপকো খুলে দিয়া,ভাবছি আলতো করে খুলে দিয়ে
পিছহানদে বেলাদেং তোর,তোমার পিঠ জুড়ে ছড়িয়ে দিই
চিত্রাঙ্গদার ডেকি ডিগালা কালা চুল,চিত্রাঙ্গদার মতো লম্বা কালো চুল
কিন্তু সাহসে না কুলার,কিন্তু সাহসে আর কুলোয় না
অটগির কেতিরা মুকসি,ঠোঁটের বাঁকা হাসি
আহি বুজে চানাহান,চোখের গভীর চাহনি
চেইলেই মনে অর,দেখলেই মনে হয়
কুঙ্গদে তি চাঙ অহান ডাঙর ইয়া পরিসতগাতা?,কখন যে তুমি সাবালিকা হয়ে গেছ!
হৌদিন তোরে ফিতুপ আহান পিদিয়া,এই তো সেদিন তোমাকে গায়ে গামছা জড়িয়ে
গটিঙ খেলানিৎ দেহেসিলু মাংকলর কোণাগৎ,পুতুল খেলতে দেখেছিলাম বারান্দার কোণে
অথচ আজিকা যৌবনহান,অথচ আজ যৌবন
বুলতে তোরে হারপারাং,,বলতে তোমাকে বুঝি
ফাগুনর কৃষ্ণচূড়া আবীরর রঙ,ফাল্গুনের কৃষ্ণচূড়া আবীরের রঙ
তোরাংহে আসেনাই,তোমার কাছেই তো আছে
গপাটির কথাহান,ভাঁট ফুলের কথা
অ অতাউ তোরাংত গৎগ উদারি করেসে পাউরি,ওরাও তোমার কাছ থেকে গন্ধ ধার নিয়েছে বোধ হয়
আকদিন সাহসহাননো,একদিন সাহস নিয়ে
তোরাং কথাচুটি বেলাসিলু,তোমাকে কিছু কথা বলেছিলাম
কিন্তু তি যৌবনহানর,কিন্তু তুমি যৌবনের
কুনো দামতে নাদলে,দাওনি কোনো দাম
নায়ে বেড়া জনম,নাড়ি জড়ানো জীবন
পূর্ণিমার জোলাকটিক হাকহান,পূর্ণিমার চাঁদজোড়া আকাশ
মি দেখেছিলু আহিথমে তেইর- অকনেই,আমি দেখেছি তার দু’চোখে এই অধমের
আপাঙর নুঙপাঙ জীবনে শিচ্চিল চেপছিলি,অর্থহীন জীবনে সে এসেছিল কাছে
তেই মোর থারানি,সে আমার সম্রাজ্ঞী
তেইরাংত পাছিলু উম- বসন্তর,তার কাছ থেকে পেয়েছি ওম বসন্তের
নিরাশার জগতে আশার রাঙা হপন,নিরাশার জগতে আশার রঙিন স্বপ্ন
জাতপাতর সমাজহার রাঙাআখির মিল্লেঙেতে,জাতপাত ভরা এই সমাজের চোখ রাঙানো দৃষ্টি
মিমুত করেদেনা মনার,ধ্বংস করে দিতে উদ্যত
আশা- আশার, বানা- বানার হপনসংসার,আশা- আশার, প্রেম- প্রেমের স্বপনসংসার
আগদে শৃঙ্খলার দুনিয়ার ডর,একদিকে শৃঙ্খলার দুনিয়ার ভয়
এগদে হৃদির বানার হমাজি মোর,অন্যদিকে অন্তরের ভালোবাসার বান্ধবী আমার
চখা চখা কারে হৃদিগ ইল জখম,ধারালো তীরে হৃদয় হল জখম
মোর নায়ে বেড়া সমাজে নায়ে বেড়া জনম,নাড়ি জড়ানো সমাজে নাড়ি জড়ানো জীবন
যে ঠারে মাতুরি কথা, অহানই ঠারহান নাবে,যে ভাষার কথা বলি, সেটাই কেবল ভাষা নয়
মেয়েকে মেয়েকে শাত’পারের যে ঠার, তার জিঙে,অক্ষরে অক্ষরে ফুটে ওঠে যে ভাষাটি, তার চেয়ে
আরাক আহান থার বিতরে বিতরেবাগাচুরা,আরেকটি ভাষা থাকে ভেতরে ভেতরেভাঙাচোরা
ফঙেদে হাজানি নার শৃংখলার দুনিয়ার ডরে,প্রকাশ্যে যায় না আনা শৃঙ্খলার দুনিয়ার ভয়ে
আহিগি দেখের ঠার, কানহানি হুনের ঠার, প্রাণে,এ চোখ দেখে সে ভাষা, কান শোনে সে-ভাষার ধবনি
তঙাল ধমণিপথে নিয়ত ঠারর আনাগোনা,আলাদা ধমনিপথে নিয়ত ভাষার আনাগোনা
ইংগ ইয়া থাইলেউ থাউরি গোপন ঠারে ঠারে,চুপ হয়ে থাকলেও থাকি কোনো নীরব ভাষায়
মোর দেহ এগ নিজে মূর্তিমান ঠারভগবান,আমার এ দেহ নিজে মূর্তিমান ভাষাভগবান
মেয়েকর দাগে দাগে হাজিয়া যে অর্থ নিকুলের,অক্ষরের দাগে দাগে সেজেগুজে যে অর্থ প্রকাশ
অহানই নাবে অর্থহান; জরমজঞ্জালে, ঘামে,,পায়, শুধু তা-ই অর্থ নয়, জনমজঞ্জালে ঘামে
রকতে রকতে তার যে চিন মাঙর, থায়া থায়া,রক্তে রক্তে হারায় যে চিহ্নগুলি তার, থেকে থেকে
ফঙর তা চিকারিনো, ইকরের নুয়া করপেক,ভাসে চিৎকারে, বাজে নতুন ভাষার রিনিঝিনি
মি তার বিতরে গিয়া নুয়া করে চিনুরি মেয়েক,ভেতরে প্রবেশি তার অক্ষর নতুন করে চিনি
মেয়েকশপার তলে উবা ইলু ফুল তুলানিৎ,অক্ষরগাছের নিচে দাঁড়ালাম ফুল তুলে নিতে
লিশিং লিশিং রঙ, গৎ বারো কেথকমেথক,হাজার হাজার রঙ, গন্ধ আর কত যে ভনিতা
কুরাং ভিতরে গিয়া দাপদের অরিঙ আগউ,কোথায় ভিতরে গিয়ে ছুটে চলে একটি হরিণ
মধু মধু বুলে বুলে ভ্রমরাগ নিজে ইল মধু,মধু মধু ডাক হেঁকে ভ্রমরাটি নিজে হল মধু
পাতায় ধূলিয়ে যত জঞ্জালর হাদিৎ হে ফুল,পাতায় ধুলিতে যত জঞ্জালের ভেতরে হে ফুল
শাতর জঙর, মিতে কিসারে নিতুগা বাসে বাসে,ফোটো তুমি, ঝরে যাও, কিভাবে যে নেব বেছে বেছে
আত আহানে অনাচার সকে সকে পুণ্য বিসারার,এক হাত অনাচার ছুঁয়ে ছুঁয়ে পুণ্য খুঁজে যায়
আরাক আহানে বারো সেঙুয়াউ নেনা চার পাপ,আরেকটি হাত দেখো শুদ্ধ, তবু নিতে চায় পাপ
অ মেয়েকশপাহান, ছায়াছায়া হিনে লাকলায়,হে অক্ষরগাছ, তুমি ছায়া ছায়া দুঃখে বেদনায়
হারুয়ে নুঙেয়ে আজি বাধেয়িলে বকচা এহান,হাসিতে খুশিতে আজ বেঁধে দিলে এই বোঝখানি
ফুল ফল ধূলি পাতা বিষ মধু ভ্রমরার ভার,ফুল ফল ধূলি পাতা বিষ মধু ভ্রমরার ভার
কিসারে নিতুগা মিতে, এগদে অগদে বৌ দের,কিভাবে গ্রহণ করি, এদিকে ওদিকে হাওয়া বয়
মেয়েকশপার তলে কুংগই কার পৌ দের !,অক্ষরগাছের নিচে কে যে এসে কার কথা কয়
ডাঙরিয়া বিয়ানহান, আধারর বুনি পিতে পিতে,মহাত্মা সকাল, জানি আঁধারের স্তন্য পান করে
বলিয়ে পাংকালে আজি মারাংকাইছে হাবি তোর,শৌর্যে আর বীর্যে আজ উপচে পড়ে সব আপনার
ইঙাল মিঙালে রঙে হাজায়িলে মেঙসেল অহান,উজ্বল আলোতে রঙে আয়নাটি সাজিয়ে দিলেন
নিজ শাত চেয়া চেয়া মানু এতা কালাকপেলুইরা,নিজরূপ দেখে দেখে মানুষেরা মজে গেল রসে
তাঙর আহির তলে মাঙুইল আঁধার,আহেই নে,তাদের চোখের তলে হারালো আঁধার, এসো এসো
বেনিগরে হমাদিক, বেনিসেঙ্করা পানিৎ হিনিয়া,সূর্যকে প্রণাম করি, আলোধোয়া জলে সড়বান সেরে
নিজরে সেঙ্করিক, মাঙপা রাতির যত ছাপ,নিজেকে পবিত্র করি, অশুদ্ধ রাতের যত ছাপ
মন্তরনো মুছেদিক ভিতরেত আকিহান করে,মন্ত্রে শে−াকে মুছে দেই নিজের ভেতর থেকে সব...
ডাঙরিয়া হে বিয়ানহান,অতা বুলিয়া হাবি নাপাহুে,মহাত্মা সকাল ওহে, তাই বলে আপনি আবার
রবেলিস, যে-আধারস্তন্যে খৌনুগ বুজিলে,যাবেন না ভুলে সব, যে-আঁধারস্ত্যন্যে ভরা প্রাণ
তার দান হুজানির কালে বার পিছবুলা নাদিস,ঋণ তার শোধবার কালে পিছু নাহি তাকাবেন
পিছেদেউ রক্ষা নেই, আখি মেলিতারা যত লাশ!,পেছনেও রক্ষা নেই, চোখ মেলে চায় যত লাশ
বর্তমানচারিয়বারাদে তার থ’ছে ইতিহাস,বর্তমান, চারিদিকে ছড়িয়ে রেখেছে ইতিহাস
কি রাঙা আধারহানে গুরেইল তোরে,হায় অন্ধ,কী রঙিন অন্ধকারে হায় অন্ধ ঢেকেছে তোমাকে
কিসারে চিনতেই আজি রঙর নমুনা,তোর আহি,কী করে চিনবে আজ রঙের নমুনা, কে তোমার
বুজিয়া কুংগই দিল উছরিয়া মায়াছায়ারঙ,দুই চোখ ভরে দিল উছলিয়া মায়াছায়া রঙ
বেনিগদে চেউলে আরো যাদুর জোনাকহান ইল,তাকালে সূর্যের পানে, যাদুর চন্দ্রিমা হয়ে গেল
জোনাক জোনাক বুলে সকলেগা তি কার নিরালর,চাঁদ বলে ডেকে ডেকে ছুঁলে কার কপালের টিপ
টিপগ,মিকুপেই তোর ভিতরে হমিয়া টিপটিপ,মুহূর্তেই তোমার ভিতরে ঢুকে টিপটিপ সেযে
হৃদয়পিন্ডগ ইয়া নাচানি অকরল তালে তালে,হৃদয়পির মতো শুরু করল নাচ তালে তালে
নাচ হে হৃদয় নাচ,মিয়ো দেং নেপথ্যের এলা,নাচো হে হৃদয়, নাচো, আমি গাই নেপথ্যের গান
এলায় নাচায় আজি বাহিল ভিতরপথহান,গানে আর নাচে আজ ভেসে গেল গহন সে-পথ
যিতেগা যিতেগা কুন সুর আগ খাংদামোর পথে,যেতে যেতে কোনো সুর আচমকা এ-পথে দাঁড়ায়
দ্বিয় আত সালকরিয়া থরোথরো-নেগা মোরে নেগা!,দুহাত বাড়িয়ে ডাকে, থরোথর, নাও মোরে, নাও
কুংগৈ নিতগা কারে,কুংগই পিদাইত মালা,কে বলো কাহারে নেবে, কে কাকে পরাবে হে মালা
ইঙাল আধারে আজি খানি তোর খানি মোর পালা,উজ্জ্বল আঁধারে আজ তোমার আমার শুধু পালা
তি ছাড়া কৃষ্ণরে মিতে নাউ চিনলু অইস হে রাধা,তুমি ছাড়া কৃষ্ণকে তো আমি চিনতাম না হে রাধা
তোর অন্তরর পথে আতে আতে তার গরে যানা,তোমার অন্তরপথে হেঁটে হেঁটে তাঁর ঘরে যাওয়া
উঠান মাংকল না চিনিয়া চেয়া থাইলে মনে,উঠান বারান্দা যদি আমাকে না চিনে চেয়ে থাকে
দেউরি প্রবোধতিয়ৌ পথরুদ্ধকালে তারে নাউ,তখন প্রবোধ দেই তুমিও তো পথরুদ্ধকালে
চিনিছিলে, ডাকাইতগ মালুয়া যেগই হাবি তোর,চেনো নাই তাকে, ডাকাতের বেশ ধরে যে তোমার
কারুনিয়া নিলগা, তা হাবিতানো আয়া ফির তোর,সব কেড়ে নিল, সবকিছু নিয়ে এসে সে তোমার
বিতরেউ নেরগা জরম, তারে জন্ম দিতে দিতে,ভেতরেই জন্ম নেয়, আর তাকে জন্ম দিতে দিতে
রচিলে তি তার লগে অভিসার মিলন বিরহ---,রচিলে যে তারই সাথে অভিসার মিলন বিরহ...
নিজর লগেই মোর বিরহ মিলন অভিসার,নিজের সাথে আমার বিরহ মিলন অভিসার
হুদ্দা এরে ধূলি মাটি হিসাবর সংসারে তি রাধা,শুধু এই ধূলি-মাটি-হিসাবের সংসারে হে রাধা
দুরিপা কৃষ্ণরে মোর হাজায়িলে হৃদয়মা-পে,দূরকৃষ্ণকে আমার সাজালে এ হৃদয়ম-পে
মি তারে চিনুরি, তোর আতনো তার সকুরি চরণ,চিনি আমি, তোমার ঐহাতে তার পরশি চরণ
তি ইলেগা গোপীচান অউরি মি হরিনারায়ণ,তুমি হলে গোপীচান আমি হই হরিনারায়ণ
হারিদিন বার্তন আহের,প্রতিদিন নিমন্ত্রণ আসে
বার্তনর তাংখাহানে তুলসীপুংগৎ,নিমন্ত্রণপত্রটা তুলসীতলায়
নাপালর কেতিরা মুকশি আহান থাকরেসে,গর্বভরে একটা বাঁকা হাসি উপহার দিয়েছে
কারাং মাত্তু ব্রজর ভাবহান তঙাল,কাকে বলি ব্রজের ভাব ভিন্ন
আজিকালির বার্তন এতা,আজকাল নিমন্ত্রণগুলো
হস্তিনাপুরর রাজসভাহানাত্ত আহেরতা,হস্তিনাপুরের রাজসভা থেকে আসে
শকুনির পাশার গুটিগির ছলনার বার্তন,শকুনির পাশার গুটির ছলনার নিমন্ত্রণ
ভীষ্ম দ্রোণ বিদুরতে নুনর গুণে,ভীষ্ম দ্রোণ আর বিদুর তো নুনের গুণে
কুম্পাগাত্ত নিজরেও পাহুরে বেলাসি,সেই কবে থেকে নিজেকে ভুলে বসে আছেন
হারিদিন বার্তন আহের,প্রতিদিন নিমন্ত্রণ আসে
দশর মুংহাৎ দ্রৌপদীর বস্ত্রহরণর,জনারণ্যে দ্রৌপদীর বস্ত্রহরণের
তি মাতিসিলে,তুমি বলেছিলে
মি পূর্ণিমার জোনাকহান ইতৌ,আমি পূর্ণিমার চাঁদ হবো,
ইতৌ মুষ্টি আহান রইদ,হবো এক মুঠো রোদ্দুর
তি মাতিসিলে,তুমি বলেছিলে
মি হাকহার মেঘালা ইতৌ,আমি আকাশের মেঘ হবো,
ইতৌ নুংশিপা দক্ষিণা বৌহান,হবো দক্ষিণা বাতাস সুমধুর
অহাননো মি,তাই আমি
পূর্ণিমার জোনাকহান ইতৌ বুলিয়া,পূর্ণিমার চাঁদ হবো বলে, তোমার কাছে
তোরাং খানি মিঙাল উদারি চাসিলুতা,খানিকটা জোছনার আলো ধার চেয়েছি
মুষ্টি আহান হুনামাচু রইদ ইতৌ বুলিয়া,এক মুঠো সোনালি রোদ্দুর হবো বলে,
তোরাং কালাচিংখেইর মুংবারার দিগন্তহান চাসিলুতা,তোমার কাছে ভোরের পূর্ব দিগন্ত চেয়েছি
মেঘালা ইতৌ বুলিয়া চাসিলুতা খানি দলামাচু,মেঘ হবো বলে চেয়েছি কিছুটা শুভ্রতা,
দক্ষিণা বৌহান ইতৌ বুলিয়া চাসিলুতা ইম্পানিহান,দক্ষিণা বাতাস হবো বলে চেয়েছি মৌনতা
অথচ তি, মোরে সমুদ্রুহান অনা মাতিয়া,অথচ তুমি, আমাকে সমুদ্র হতে বলে
সমুদ্রুর নীলুয়া বিষাদ উদারি দিলে সুদছাড়া,সমুদ্রের নীল বিষাদ ধার দিলে বিনা সুদে
থাচির রাতির কর আধারে,অমাবস্যা রাতের ঘোর আঁধারে
সিঙ্গারেই ফুলর গতগ সিলুইল,শিউলি ফুলের গন্ধ ভেসে আসে আকাশের দিকে
দিনহানদে আকমাউ চেইতে বারো,একবার তাকিয়ে দেখতেই
তারা আগ জরককো জঙিল,একটা তারা খসে পড়ল
কতগ তারাই মুকশি দিতারা,কয়েকটি তারা মুচকি মুচকি হাসছে কয়েকটি তারা আমাকে ডাকছে
কতগ তারাই মোরেউ ডাকতারা,আমি বসে রইলাম কিছুক্ষণ
বহিয়া থাইলু কতহান,মনটা হারিয়ে গেল আঁধারে
আধারে মাঙুইল মনহান,ঠান্ডা বাতাস বইয়ে পৃথিবী
ইংপা বৌহাননো পৃথিবী ইমাই,ফেলে দিল কুয়াশার চাদর
বেলাদিল খুয়ার শালহান,দুর্বা ঘাসের কুয়াশায় ভিজে গেল পা যৌবনের বীণাটা বেজে উঠল
দুব শপার খুয়াই জাংহান তিঙিল,মনে পড়ে গেল বান্ধবীর মুখ
যৌবনর বেণাহান ডংকো রহিল,অদ্ভুত আনন্দে ভরে গেল মন
হমাজির সাকতাহান মনহাত ফঙিল,কুয়াশাভেজা গল্প
হারৌহানে মনহান তিঙিল,কুয়াশাভেজা একটি গল্প
খুয়াই তিঙা য়ারি,রেখেছি বন্ধু
খুয়াই তিঙিসে য়ারি আহান,তোমাকে দেব বলে
থসুতা মারুপ,ভোরের নরম রোদ
তোর লগে দেঙ বুলিয়া,সরে যাওয়ার আগে
বিয়ানর কঙালা রোদগ,পুকুরপাড়ের চাঁপাতলায়
যানার আগে,দ্রুত চলে এসো বন্ধু
পহুরিপারর লেহাউ শপার তলে,দ্রুত চলে এসো
থক্ক আই মারুপ, থক্ক আই,কুয়াশার ফোঁটা পড়বে গায়ে
খুয়ার পানিফুটা গারিগৎ পরতই,কুয়াশাভেজা গল্পটাও জমবে বেশ
খুয়াই তিঙা য়ারিহানৌ জমতই,দ্রুত চলে এসো বন্ধু
থক্ক আই মারুপ, থক্ক আই,দ্রুত চলে এসো
সাকতাহান দনাত আহিসে হমাজি,মুখ ধুতে চলে এসেছে সই
আলয়া যানার আগে,ওর ফিরে যাওয়ার আগে
আই মারুপ আই,এসো বন্ধু এসো
জারহানে নিকদিতাঙাই,শীতে শরীরটা কাঁপবে
য়ারিহানৌ সিকদিতাঙাই,গল্পটাও বেশ জমবে
পুণ্য দাঙ্গই লাগাসে,পুণ্য দাদির জ্বালানো
খেরার জ্বিগ হেদতাঙাই,খড়ের আগুন পোহাব
খুয়াই তিঙা য়ারিহানৌ,কুয়াশাভেজা গল্পটাকেও
তাপকো তাপকো হুকিতাঙাই,ধীরে ধীরে শুকাব
আই মারুপ আই...,এসো বন্ধু এসো...
মি এপাগাউ জিংতা ইয়া আসু,আমি এখনো বেঁচে আছি
জীবন এহান খামো পড়িসিলগা,জীবন থেমে গিয়েছিল
অচিনা কইঠেক আগত,এক অজানা মোড়ে,
খাংদা হানি মিঙাল নিবো পড়িসিলগা,হঠাৎ সব আলো নিভে গিয়েছিল
আহিগির প’গত,চোখের ঘরে
মোর হপন হাবি বাগে বাগে পড়িসিল,স্বপড়বগুলো ভেঙে পড়েছিল
বৈশাখর বৌবরনে,গ্রীষ্মের ঝড়ে,
আহানির রৌহান মাঙয়া গিয়াসিলগা,হাসির আওয়াজ গিয়েছিল
কর আধারর পারগত,হারিয়ে অন্ধকারের পাড়ে
গারিগ ইসিল বরি, মনহান ইসিল চকথা,শরীর হয়েছিল ভার, মন হয়েছিল ক্লান্ত,
আহির পানিয়ে তিঙিসিল হাবি বারা,চোখের জলে ভিজেছিল প্রতিটি প্রান্ত
ঠইগর ভিতরে য়মিসিল ইম্পানি লৌ,বুকের ভেতর জমেছিল নিঃশব্দ চিৎকার,
নিজরে মাংকরে বেলাসিলু পারা কত্তমাউ,যেন নিজেকেই হারিয়ে ফেলেছিলাম বারবার
কিন্তু মি না হারিসু,,কিন্তু আমি হেরে যাইনি
নাইসু সুপ পরাজিত,নই কোনো পরাজিত,
ঠই মুজুরা দুঃখর হাদিত্তৌ,যন্ত্রণার ভেতর থেকেও
উঠিসিলু পাংকাল পেয়া,উঠেছি অমিত
আত দ্ব্যহানি অচল ইলেউ,হাত দুটো অচল হলেও
খৌরাং আসে হজাক,ইচ্ছেটা আজও জাগে,
মোর উঠের রোদ অগ,আমার উঠে যে রোদ
নিজেই হংকরুরি খানি খানি,নিজেই তৈরি করি ভাগে ভাগে
মি বাগিয়া পড়িসুগ,,আমি ভেঙে পড়েছি,
কিন্তু লাহুল পাংকালে হঙিসু,কিন্তু অশেষ শক্তিতে গড়া,
মোর মুকশির আরুমে,আমার হাসির আড়ালে
লুকিয়া আসে যত বৌবরন,লুকিয়ে আছে ঝড় ধরা
টেইপাং এহানে মোরে,জীবন আমাকে
বেলাসিল তলে,ফেলেছিল নিচে
বারো তাই ইমে উঠাদিল,আবার তুলেও দিলো,
মিয়েই প্রমাণ মানুগ মাঙয়া গেলেগাউ,আমি প্রমাণ মানুষ হারলেও
মনহান না মাঙর অহানৌ হিকাদিল,মন হারায় না তাও শিখিয়ে দিলো
মনর খংচেল,হৃদয়ের কণ্ঠস্বর
কিদিয়া জঙের ফুল,কেন ঝরে পড়ে ফুল
বারো কিদিয়াউ বা শাতর,,আর কেনই বা ফোটে
কিদিয়া বারো অর ইম্পানি,কেন হয় নিস্তব্ধ
আগে অসিল ডাঙর খংচেল,আগে তো ছিল কণ্ঠের জোর
এরে তোর মোর কতি জনমর ওয়ারিপরি,এই যে তোমার আমার কত জনমের
আসে হাবি পড়িয়া,গল্প সব পড়ে রয়েছে
কই তিতে মোরে নাউ মাতলে!,কোথায় তুমি তো আমাকে বলোনি!
মিয়ৌ তোরে না বাগেইলু,আমিও তোমাকে জানাইনি
এসারেই যারগা দিন,,এভাবেই কেটে যায় দিন
হাবি হিন, গনে গনে,সকল বেদনা- গুনে গুনে
থাক হাবি ইঞ্চিক ইয়া,তুমি থাকো নিশ্চুপ
কিত্তা নেই মাতে মাতে,কিছুই হবে না কথা বলে
নাইতই আর এরে জনমে,,আর হবে না এ জনমে
জঙিল হাবি রাঙিলা হপন,ঝরে যায় সব রঙিন স্বপ্ন
আরুমে ইল হাবি নিরুদ্দেশ,গোপনে হয় সব নিরুদ্দেশ