category,topic
প্রকৃতি ও ভূগোল,জলবায়ু
প্রকৃতি ও ভূগোল,আবহাওয়া
প্রকৃতি ও ভূগোল,ভূ-প্রকৃতি
প্রকৃতি ও ভূগোল,নদ-নদী
প্রকৃতি ও ভূগোল,পাহাড়-পর্বত
প্রকৃতি ও ভূগোল,সমুদ্র ও হ্রদ
প্রকৃতি ও ভূগোল,মাটি
প্রকৃতি ও ভূগোল,মহাকাশ
প্রকৃতি ও ভূগোল,ঋতু
প্রকৃতি ও ভূগোল,বন-জঙ্গল
জীবজগৎ,পশুপাখি
জীবজগৎ,কীটপতঙ্গ
জীবজগৎ,উদ্ভিদ
জীবজগৎ,গাছপালা
জীবজগৎ,ফুল
জীবজগৎ,অণুজীব
জীবজগৎ,মাছ
মানবশরীর ও স্বাস্থ্য,মানবশরীরের অঙ্গপ্রত্যঙ্গ
মানবশরীর ও স্বাস্থ্য,রোগব্যাধি
মানবশরীর ও স্বাস্থ্য,চিকিৎসা
মানবশরীর ও স্বাস্থ্য,শারীরবৃত্তীয় প্রক্রিয়া
মানবশরীর ও স্বাস্থ্য,পুষ্টি
গৃহস্থালি ও জীবনযাপন,আসবাবপত্র
গৃহস্থালি ও জীবনযাপন,বাসনপত্র
গৃহস্থালি ও জীবনযাপন,পোশাক-পরিচ্ছদ
গৃহস্থালি ও জীবনযাপন,বাসস্থান
গৃহস্থালি ও জীবনযাপন,প্রসাধনী
গৃহস্থালি ও জীবনযাপন,গৃহস্থালি সরঞ্জাম
খাদ্য ও পানীয়,শস্য
খাদ্য ও পানীয়,রান্না করা খাবার
খাদ্য ও পানীয়,ফলমূল
খাদ্য ও পানীয়,শাকসবজি
খাদ্য ও পানীয়,মশলা
খাদ্য ও পানীয়,পানীয়
খাদ্য ও পানীয়,মিষ্টান্ন
পেশা ও কর্মক্ষেত্র,কৃষিকাজ
পেশা ও কর্মক্ষেত্র,ব্যবসা-বাণিজ্য
পেশা ও কর্মক্ষেত্র,বিজ্ঞান
পেশা ও কর্মক্ষেত্র,শিল্পকারখানা
পেশা ও কর্মক্ষেত্র,দিনমজুরি
পেশা ও কর্মক্ষেত্র,প্রযুক্তি
পেশা ও কর্মক্ষেত্র,শিক্ষকতা
পেশা ও কর্মক্ষেত্র,চিকিৎসাপেশা
সমাজ ও সম্পর্ক,আত্মীয়তা
সমাজ ও সম্পর্ক,সামাজিক পদমর্যাদা
সমাজ ও সম্পর্ক,ধর্ম
সমাজ ও সম্পর্ক,প্রথা
সমাজ ও সম্পর্ক,উৎসব
সমাজ ও সম্পর্ক,বিবাহ
সমাজ ও সম্পর্ক,শোক-অনুষ্ঠান
বিজ্ঞান ও প্রযুক্তি,যন্ত্রাংশ
বিজ্ঞান ও প্রযুক্তি,উপাদান
বিজ্ঞান ও প্রযুক্তি,মাধ্যম (মিডিয়া)
বিজ্ঞান ও প্রযুক্তি,গণিত
বিজ্ঞান ও প্রযুক্তি,পদার্থবিজ্ঞান
বিজ্ঞান ও প্রযুক্তি,রসায়ন
বিজ্ঞান ও প্রযুক্তি,তথ্যপ্রযুক্তি
বিজ্ঞান ও প্রযুক্তি,ইন্টারনেট
"শিল্প, কলা ও সংস্কৃতি",সংগীত
"শিল্প, কলা ও সংস্কৃতি",নৃত্য
"শিল্প, কলা ও সংস্কৃতি",সাহিত্য
"শিল্প, কলা ও সংস্কৃতি",খেলাধুলা
"শিল্প, কলা ও সংস্কৃতি",বিনোদন
"শিল্প, কলা ও সংস্কৃতি",চিত্রকলা
"শিল্প, কলা ও সংস্কৃতি",লোকসংস্কৃতি
প্রতিষ্ঠান ও নিয়মকানুন,প্রতিষ্ঠান
প্রতিষ্ঠান ও নিয়মকানুন,সংগঠন
প্রতিষ্ঠান ও নিয়মকানুন,নিয়ম-কানুন
প্রতিষ্ঠান ও নিয়মকানুন,রীতিনীতি
প্রতিষ্ঠান ও নিয়মকানুন,আইন
প্রতিষ্ঠান ও নিয়মকানুন,রাজনীতি
প্রতিষ্ঠান ও নিয়মকানুন,প্রশাসন
